fixture.FixtureIdentity	/Users/mav2287/Repositories/mav2287/RAID-Admin/xserve-raid-admin/build/array-info-fixtures-2/probes	f77279e6a7b3cc365f0a6639e89055472dae5d196a7ca1882443a5db3f914f38
fixture.OfflineGuard	/Users/mav2287/Repositories/mav2287/RAID-Admin/xserve-raid-admin/build/array-info-fixtures-2/probes	2a0ab5a6c20217c922349e1518425c78c543e46d2b41da7a49c7a0c784ef05be
uifixture.ArrayInfoFixObservation$1	/Users/mav2287/Repositories/mav2287/RAID-Admin/xserve-raid-admin/build/array-info-fixtures-2/probes	dd356a80fa2ce1333ba8a482b89427030d42e9d5b038a718e380d2c44e4b1ffe
uifixture.ArrayInfoFixObservation$2	/Users/mav2287/Repositories/mav2287/RAID-Admin/xserve-raid-admin/build/array-info-fixtures-2/probes	8a5fe0604edd31b3d5e2b61920349597046d3f9cb66d1542f33ffa2a6347f566
uifixture.ArrayInfoFixObservation$Label	/Users/mav2287/Repositories/mav2287/RAID-Admin/xserve-raid-admin/build/array-info-fixtures-2/probes	52c8e3a0433b1d863a519f0de7ea2445ada2da5500bf4791f05b0fb17b6400ab
uifixture.ArrayInfoFixObservation$Panel	/Users/mav2287/Repositories/mav2287/RAID-Admin/xserve-raid-admin/build/array-info-fixtures-2/probes	9548308ebf36df84a6d493d1e13a6d94585d762f721ab898d222860f5d583530
uifixture.ArrayInfoFixObservation$Status	/Users/mav2287/Repositories/mav2287/RAID-Admin/xserve-raid-admin/build/array-info-fixtures-2/probes	34626ba03f76507f1fd98bf12dd641d590eea46ec3adfeb2a9849457f649d743
uifixture.ArrayInfoFixObservation	/Users/mav2287/Repositories/mav2287/RAID-Admin/xserve-raid-admin/build/array-info-fixtures-2/probes	55893880e1fe488222874b4528548568186dbc337863a3b1052863f48b621916
com.apple.xsr.SystemInfoPane$5	/Users/mav2287/Repositories/mav2287/RAID-Admin/xserve-raid-admin/build/array-info-common-7/audit28-reference/RAID Admin.app/Contents/Resources/RAID_Admin.jar	1ec5002833994756edfe1b7d04f74bf7d39c4c02398fad2af584f28188f2ddce
com.apple.xsr.SystemInfoPane$ArrayDrivePanel	/Users/mav2287/Repositories/mav2287/RAID-Admin/xserve-raid-admin/build/array-info-common-7/audit28-reference/RAID Admin.app/Contents/Resources/RAID_Admin.jar	978ab57cce83a9541e73c22a9f8865d3db7e59accaf80d6fc4cf72fb5fba7859
com.apple.xsr.SystemInfoPane$ArrayDrivePanel$MessagePanel	/Users/mav2287/Repositories/mav2287/RAID-Admin/xserve-raid-admin/build/array-info-common-7/audit28-reference/RAID Admin.app/Contents/Resources/RAID_Admin.jar	d64d918e2d07c6097abff2294668db39558deb6fda345d139cad2b9830effe0c
com.apple.xsr.DriveSelectionPanel	/Users/mav2287/Repositories/mav2287/RAID-Admin/xserve-raid-admin/build/array-info-common-7/audit28-reference/RAID Admin.app/Contents/Resources/RAID_Admin.jar	9aafaaed3b1ea6f6f8c69c2ffa690b39ee8b36096ae8cbbfe8d5194453c9a2ba
com.apple.xsr.Resources	/Users/mav2287/Repositories/mav2287/RAID-Admin/xserve-raid-admin/build/array-info-common-7/audit28-reference/RAID Admin.app/Contents/Resources/RAID_Admin.jar	16413b518678d5684e2801dc5b5f036e8c4ff67a576f93f9c82883bb21bdcc6b
com.apple.gui.GUIFactory	/Users/mav2287/Repositories/mav2287/RAID-Admin/xserve-raid-admin/build/array-info-common-7/audit28-reference/RAID Admin.app/Contents/Resources/RAID_Admin.jar	a77025ab4c7a9a0845e8bb60bd30d64f471e403c3bc98d64754ef467b5c43918
com.apple.xsr.SelectableLabel	/Users/mav2287/Repositories/mav2287/RAID-Admin/xserve-raid-admin/build/array-info-common-7/audit28-reference/RAID Admin.app/Contents/Resources/RAID_Admin.jar	1425bce9f7a7f92aff18b989fba9d0629119a86edef2b3dd57e3c4999eac61e8
com.apple.xsr.SelectableStatusLabel	/Users/mav2287/Repositories/mav2287/RAID-Admin/xserve-raid-admin/build/array-info-common-7/audit28-reference/RAID Admin.app/Contents/Resources/RAID_Admin.jar	29c5dbec3b935994112ab4bb903113c801d5fed0e667fe6dd689275d6a3a94fb
com.apple.xsr.ArraySelectionPanel	/Users/mav2287/Repositories/mav2287/RAID-Admin/xserve-raid-admin/build/array-info-common-7/audit28-reference/RAID Admin.app/Contents/Resources/RAID_Admin.jar	1ac021f02861cab787e1e6de41979ff1ace96164cb9c6ac20698fffcdfec9cb8
com.apple.xsr.ArraySelectionPanel$ArrayLabel	/Users/mav2287/Repositories/mav2287/RAID-Admin/xserve-raid-admin/build/array-info-common-7/audit28-reference/RAID Admin.app/Contents/Resources/RAID_Admin.jar	7073a25a451eb61c4fcab33c2f59f142aefeb67a44ae60ffa79cbac78758f8f9
com.apple.xsr.ArraySelectionPanel$2	/Users/mav2287/Repositories/mav2287/RAID-Admin/xserve-raid-admin/build/array-info-common-7/audit28-reference/RAID Admin.app/Contents/Resources/RAID_Admin.jar	19346892e4e1c5144c6ce834be82a0de45eba48a5e82f655958cd40ba9d9d143
com.apple.xsr.ArraySelectionPanel$3	/Users/mav2287/Repositories/mav2287/RAID-Admin/xserve-raid-admin/build/array-info-common-7/audit28-reference/RAID Admin.app/Contents/Resources/RAID_Admin.jar	a4aa54e5abebf33cd1f3194f4a38f12dfb593169c80eff7cc7e20714dfe01c37
com.apple.xsr.ArraySelectionPanel$4	/Users/mav2287/Repositories/mav2287/RAID-Admin/xserve-raid-admin/build/array-info-common-7/audit28-reference/RAID Admin.app/Contents/Resources/RAID_Admin.jar	20e1158ae48790cacc2b9c8b1460c951549493218770523e5bd948b4a5b81d3f
