fixture.FixtureIdentity	/Users/mav2287/Repositories/mav2287/RAID-Admin/xserve-raid-admin/build/array-transition-clean-2/classes	f77279e6a7b3cc365f0a6639e89055472dae5d196a7ca1882443a5db3f914f38
fixture.OfflineGuard	/Users/mav2287/Repositories/mav2287/RAID-Admin/xserve-raid-admin/build/array-transition-clean-2/classes	2a0ab5a6c20217c922349e1518425c78c543e46d2b41da7a49c7a0c784ef05be
uifixture.ArrayInfoTransitionObservation$1	/Users/mav2287/Repositories/mav2287/RAID-Admin/xserve-raid-admin/build/array-transition-clean-2/classes	256071ae0a74e7ce501c2d2ce7d87452108d682b3c8710c23987be022cb665b2
uifixture.ArrayInfoTransitionObservation$2	/Users/mav2287/Repositories/mav2287/RAID-Admin/xserve-raid-admin/build/array-transition-clean-2/classes	d4e3d10a218827bc68340454c3d12ae2740751191f3e1398c05111d22b3a1b76
uifixture.ArrayInfoTransitionObservation$Label	/Users/mav2287/Repositories/mav2287/RAID-Admin/xserve-raid-admin/build/array-transition-clean-2/classes	5e019ec44386ca3e077ecc60e50242270619b0a1e28cbdf4c90c438312bd67de
uifixture.ArrayInfoTransitionObservation$Panel	/Users/mav2287/Repositories/mav2287/RAID-Admin/xserve-raid-admin/build/array-transition-clean-2/classes	63cc55e9c67ac244bb3960543e43ff99b3b5c1c9462e7d61739e9ab96b21d1bc
uifixture.ArrayInfoTransitionObservation$Status	/Users/mav2287/Repositories/mav2287/RAID-Admin/xserve-raid-admin/build/array-transition-clean-2/classes	f7dc66b742bcd2eabaa83f61e00ed00c1ed7a5f6bf9da3c4197f61ae9fcfc92d
uifixture.ArrayInfoTransitionObservation	/Users/mav2287/Repositories/mav2287/RAID-Admin/xserve-raid-admin/build/array-transition-clean-2/classes	88e0adcec98a8abc366f428d1d1be7b0b80b89bc9d8bdd27ae6b84c437e0a12a
com.apple.gui.GUIFactory	/Users/mav2287/Repositories/mav2287/RAID-Admin/xserve-raid-admin/build/array-info-common-7/RAID Admin.app/Contents/Resources/RAID_Admin.jar	a77025ab4c7a9a0845e8bb60bd30d64f471e403c3bc98d64754ef467b5c43918
com.apple.xsr.ArraySelectionPanel$1	/Users/mav2287/Repositories/mav2287/RAID-Admin/xserve-raid-admin/build/array-info-common-7/RAID Admin.app/Contents/Resources/RAID_Admin.jar	238c90db3f7b33da751eae4a6812d02550f1eb30cb620b771a8da273f195aca4
com.apple.xsr.ArraySelectionPanel$2	/Users/mav2287/Repositories/mav2287/RAID-Admin/xserve-raid-admin/build/array-info-common-7/RAID Admin.app/Contents/Resources/RAID_Admin.jar	19346892e4e1c5144c6ce834be82a0de45eba48a5e82f655958cd40ba9d9d143
com.apple.xsr.ArraySelectionPanel$3	/Users/mav2287/Repositories/mav2287/RAID-Admin/xserve-raid-admin/build/array-info-common-7/RAID Admin.app/Contents/Resources/RAID_Admin.jar	a4aa54e5abebf33cd1f3194f4a38f12dfb593169c80eff7cc7e20714dfe01c37
com.apple.xsr.ArraySelectionPanel$4	/Users/mav2287/Repositories/mav2287/RAID-Admin/xserve-raid-admin/build/array-info-common-7/RAID Admin.app/Contents/Resources/RAID_Admin.jar	20e1158ae48790cacc2b9c8b1460c951549493218770523e5bd948b4a5b81d3f
com.apple.xsr.ArraySelectionPanel$ArrayLabel	/Users/mav2287/Repositories/mav2287/RAID-Admin/xserve-raid-admin/build/array-info-common-7/RAID Admin.app/Contents/Resources/RAID_Admin.jar	7073a25a451eb61c4fcab33c2f59f142aefeb67a44ae60ffa79cbac78758f8f9
com.apple.xsr.ArraySelectionPanel	/Users/mav2287/Repositories/mav2287/RAID-Admin/xserve-raid-admin/build/array-info-common-7/RAID Admin.app/Contents/Resources/RAID_Admin.jar	1ac021f02861cab787e1e6de41979ff1ace96164cb9c6ac20698fffcdfec9cb8
com.apple.xsr.DriveSelectionPanel$DriveIconListener	/Users/mav2287/Repositories/mav2287/RAID-Admin/xserve-raid-admin/build/array-info-common-7/RAID Admin.app/Contents/Resources/RAID_Admin.jar	5eb39c146c3a48491bcccd4b54aed4e754d16924680e1f5f1303dc87d7c394b9
com.apple.xsr.DriveSelectionPanel	/Users/mav2287/Repositories/mav2287/RAID-Admin/xserve-raid-admin/build/array-info-common-7/RAID Admin.app/Contents/Resources/RAID_Admin.jar	9aafaaed3b1ea6f6f8c69c2ffa690b39ee8b36096ae8cbbfe8d5194453c9a2ba
com.apple.xsr.DriveSelectionPanelEx$1	/Users/mav2287/Repositories/mav2287/RAID-Admin/xserve-raid-admin/build/array-info-common-7/RAID Admin.app/Contents/Resources/RAID_Admin.jar	3c6072c9fc09417b62ef90dd9160b6c240bbaef251046acb79dbee7e3a5afd4a
com.apple.xsr.DriveSelectionPanelEx$DriveIcon	/Users/mav2287/Repositories/mav2287/RAID-Admin/xserve-raid-admin/build/array-info-common-7/RAID Admin.app/Contents/Resources/RAID_Admin.jar	79b44df21fb227f0e3c96f6c968b1a0021c818821e110d9504864260715309bf
com.apple.xsr.DriveSelectionPanelEx$InfoIcon	/Users/mav2287/Repositories/mav2287/RAID-Admin/xserve-raid-admin/build/array-info-common-7/RAID Admin.app/Contents/Resources/RAID_Admin.jar	6492bff99c4095571bcba62bdd8abd4922e8cb6ae8f4e8758735294f91192eed
com.apple.xsr.DriveSelectionPanelEx$SelectionModelListener	/Users/mav2287/Repositories/mav2287/RAID-Admin/xserve-raid-admin/build/array-info-common-7/RAID Admin.app/Contents/Resources/RAID_Admin.jar	b8dff29d96edb53bd022ca0e3d656fc3ff6c95c23949a58ae52ab974bc7f3963
com.apple.xsr.DriveSelectionPanelEx	/Users/mav2287/Repositories/mav2287/RAID-Admin/xserve-raid-admin/build/array-info-common-7/RAID Admin.app/Contents/Resources/RAID_Admin.jar	4e18cf6c3429eea77592fefb6ca6287fecb7dadd3e5f9e4173d5abea113c78b9
com.apple.xsr.Resources	/Users/mav2287/Repositories/mav2287/RAID-Admin/xserve-raid-admin/build/array-info-common-7/RAID Admin.app/Contents/Resources/RAID_Admin.jar	16413b518678d5684e2801dc5b5f036e8c4ff67a576f93f9c82883bb21bdcc6b
com.apple.xsr.SelectableLabel	/Users/mav2287/Repositories/mav2287/RAID-Admin/xserve-raid-admin/build/array-info-common-7/RAID Admin.app/Contents/Resources/RAID_Admin.jar	1425bce9f7a7f92aff18b989fba9d0629119a86edef2b3dd57e3c4999eac61e8
com.apple.xsr.SelectableStatusLabel	/Users/mav2287/Repositories/mav2287/RAID-Admin/xserve-raid-admin/build/array-info-common-7/RAID Admin.app/Contents/Resources/RAID_Admin.jar	29c5dbec3b935994112ab4bb903113c801d5fed0e667fe6dd689275d6a3a94fb
com.apple.xsr.SystemInfoPane$1	/Users/mav2287/Repositories/mav2287/RAID-Admin/xserve-raid-admin/build/array-info-common-7/RAID Admin.app/Contents/Resources/RAID_Admin.jar	e1f5769004e7350693d25f3818b76c71b3885869eee24e9aa662222b20066cfc
com.apple.xsr.SystemInfoPane$2	/Users/mav2287/Repositories/mav2287/RAID-Admin/xserve-raid-admin/build/array-info-common-7/RAID Admin.app/Contents/Resources/RAID_Admin.jar	3c4c2b7b0a0c4f2f5f29eb08c61f34c28af552fe20708c9ccc57c5176bb39b03
com.apple.xsr.SystemInfoPane$3	/Users/mav2287/Repositories/mav2287/RAID-Admin/xserve-raid-admin/build/array-info-common-7/RAID Admin.app/Contents/Resources/RAID_Admin.jar	7f8089f1c13bbc2f465c26bdbe3906cf22fd69360100f4741c8ebfdbb120f369
com.apple.xsr.SystemInfoPane$4	/Users/mav2287/Repositories/mav2287/RAID-Admin/xserve-raid-admin/build/array-info-common-7/RAID Admin.app/Contents/Resources/RAID_Admin.jar	44e1bfedbc79a2164f17f7291f1ab2d974844c7cd7a49abec3ef29699373848e
com.apple.xsr.SystemInfoPane$5	/Users/mav2287/Repositories/mav2287/RAID-Admin/xserve-raid-admin/build/array-info-common-7/RAID Admin.app/Contents/Resources/RAID_Admin.jar	18e36c914e4ab93a2a0e668b777267c3a54b31320ecb842fba8aa0c5cf8b9de2
com.apple.xsr.SystemInfoPane$6	/Users/mav2287/Repositories/mav2287/RAID-Admin/xserve-raid-admin/build/array-info-common-7/RAID Admin.app/Contents/Resources/RAID_Admin.jar	a499fb43422ad5a58bc75238fe99782a0f1f2a715d6faecc4b633e659aaec032
com.apple.xsr.SystemInfoPane$ArrayDrivePanel$MessagePanel	/Users/mav2287/Repositories/mav2287/RAID-Admin/xserve-raid-admin/build/array-info-common-7/RAID Admin.app/Contents/Resources/RAID_Admin.jar	d64d918e2d07c6097abff2294668db39558deb6fda345d139cad2b9830effe0c
com.apple.xsr.SystemInfoPane$ArrayDrivePanel$RadioGroupActionListener	/Users/mav2287/Repositories/mav2287/RAID-Admin/xserve-raid-admin/build/array-info-common-7/RAID Admin.app/Contents/Resources/RAID_Admin.jar	87aeb689604f281077ee5a52ab9e702d8168f9ced5e42f38471bbbfdd9ae4f62
com.apple.xsr.SystemInfoPane$ArrayDrivePanel	/Users/mav2287/Repositories/mav2287/RAID-Admin/xserve-raid-admin/build/array-info-common-7/RAID Admin.app/Contents/Resources/RAID_Admin.jar	978ab57cce83a9541e73c22a9f8865d3db7e59accaf80d6fc4cf72fb5fba7859
com.apple.xsr.SystemInfoPane$ComponentsPanel	/Users/mav2287/Repositories/mav2287/RAID-Admin/xserve-raid-admin/build/array-info-common-7/RAID Admin.app/Contents/Resources/RAID_Admin.jar	92ebb8e7e6fa20b0aec065b8b899b5815cc444de532e3fba5c45646d2a7a22e5
com.apple.xsr.SystemInfoPane$FibreChannelPanel	/Users/mav2287/Repositories/mav2287/RAID-Admin/xserve-raid-admin/build/array-info-common-7/RAID Admin.app/Contents/Resources/RAID_Admin.jar	0eedf42151ff1b62861b6f8225846312a42b239cd37261756adb90f7f886b06e
com.apple.xsr.SystemInfoPane$InfoPanel	/Users/mav2287/Repositories/mav2287/RAID-Admin/xserve-raid-admin/build/array-info-common-7/RAID Admin.app/Contents/Resources/RAID_Admin.jar	53c39a4c614c11a712221e5fc50629a2b609e9463be749bcd26f5bd75396e168
com.apple.xsr.SystemInfoPane$NetworkPanel	/Users/mav2287/Repositories/mav2287/RAID-Admin/xserve-raid-admin/build/array-info-common-7/RAID Admin.app/Contents/Resources/RAID_Admin.jar	c26011acc17455605126ca98f854cb5b2eb78cbef2777b0f3cd70faab1a618d6
com.apple.xsr.SystemInfoPane$SizeLinkedColumn	/Users/mav2287/Repositories/mav2287/RAID-Admin/xserve-raid-admin/build/array-info-common-7/RAID Admin.app/Contents/Resources/RAID_Admin.jar	edc6615bafd3ecf62acc796652142792f1f161e21169fd9890574bd8397424d2
com.apple.xsr.SystemInfoPane	/Users/mav2287/Repositories/mav2287/RAID-Admin/xserve-raid-admin/build/array-info-common-7/RAID Admin.app/Contents/Resources/RAID_Admin.jar	76aabb5a94f81ea631c663aede908099b4db3ded29b7db9b6512117d1cc5cbe0
compat.ArrayInfoSelection	/Users/mav2287/Repositories/mav2287/RAID-Admin/xserve-raid-admin/build/array-info-common-7/RAID Admin.app/Contents/Resources/RAID_Admin.jar	d7061500944dbbcd92da7208744f12d2b62c0f4dd06c22484618b0ff50482bd0
