fixture.FixtureIdentity	/Users/mav2287/Repositories/mav2287/RAID-Admin/xserve-raid-admin/build/ui-selection-clean-1/probes	f77279e6a7b3cc365f0a6639e89055472dae5d196a7ca1882443a5db3f914f38
fixture.OfflineGuard	/Users/mav2287/Repositories/mav2287/RAID-Admin/xserve-raid-admin/build/ui-selection-clean-1/probes	2a0ab5a6c20217c922349e1518425c78c543e46d2b41da7a49c7a0c784ef05be
uifixture.ArrayHighlightObservation$1	/Users/mav2287/Repositories/mav2287/RAID-Admin/xserve-raid-admin/build/ui-selection-clean-1/probes	de3cb1aede074720cd91a07718b977dae81bf0922ba70da95943c90aba21664d
uifixture.ArrayHighlightObservation$2	/Users/mav2287/Repositories/mav2287/RAID-Admin/xserve-raid-admin/build/ui-selection-clean-1/probes	576774809fd4fbf3215ce79ce5f096774f945478efcc28d9432314e9f17affaf
uifixture.ArrayHighlightObservation$Panel	/Users/mav2287/Repositories/mav2287/RAID-Admin/xserve-raid-admin/build/ui-selection-clean-1/probes	059d31abc6ae1d59f8f05d94af35a89c832bf94b1e2d732edcffcdb030eb25b4
uifixture.ArrayHighlightObservation	/Users/mav2287/Repositories/mav2287/RAID-Admin/xserve-raid-admin/build/ui-selection-clean-1/probes	f14b57d37a2bcc900c376c56472d21c00732a45b1ae3b9ddd83e7d313de55b12
com.apple.xsr.DriveSelectionPanel	/Users/mav2287/Repositories/mav2287/RAID-Admin/xserve-raid-admin/build/secure-clean-1/RAID Admin.app/Contents/Resources/RAID_Admin.jar	9aafaaed3b1ea6f6f8c69c2ffa690b39ee8b36096ae8cbbfe8d5194453c9a2ba
com.apple.xsr.DrivePanel	/Users/mav2287/Repositories/mav2287/RAID-Admin/xserve-raid-admin/build/secure-clean-1/RAID Admin.app/Contents/Resources/RAID_Admin.jar	32d9550ac83b2cc72a8fa63fbc7f2b48f053858b67657db5ddc2e068c1989139
com.apple.gui.GUIFactory	/Users/mav2287/Repositories/mav2287/RAID-Admin/xserve-raid-admin/build/secure-clean-1/RAID Admin.app/Contents/Resources/RAID_Admin.jar	a77025ab4c7a9a0845e8bb60bd30d64f471e403c3bc98d64754ef467b5c43918
com.apple.xsr.Resources	/Users/mav2287/Repositories/mav2287/RAID-Admin/xserve-raid-admin/build/secure-clean-1/RAID Admin.app/Contents/Resources/RAID_Admin.jar	16413b518678d5684e2801dc5b5f036e8c4ff67a576f93f9c82883bb21bdcc6b
com.apple.xsr.ArraySelectionPanel	/Users/mav2287/Repositories/mav2287/RAID-Admin/xserve-raid-admin/build/secure-clean-1/RAID Admin.app/Contents/Resources/RAID_Admin.jar	1ac021f02861cab787e1e6de41979ff1ace96164cb9c6ac20698fffcdfec9cb8
com.apple.xsr.ArraySelectionPanel$ArrayLabel	/Users/mav2287/Repositories/mav2287/RAID-Admin/xserve-raid-admin/build/secure-clean-1/RAID Admin.app/Contents/Resources/RAID_Admin.jar	7073a25a451eb61c4fcab33c2f59f142aefeb67a44ae60ffa79cbac78758f8f9
com.apple.xsr.ArraySelectionPanel$2	/Users/mav2287/Repositories/mav2287/RAID-Admin/xserve-raid-admin/build/secure-clean-1/RAID Admin.app/Contents/Resources/RAID_Admin.jar	19346892e4e1c5144c6ce834be82a0de45eba48a5e82f655958cd40ba9d9d143
com.apple.xsr.ArraySelectionPanel$3	/Users/mav2287/Repositories/mav2287/RAID-Admin/xserve-raid-admin/build/secure-clean-1/RAID Admin.app/Contents/Resources/RAID_Admin.jar	a4aa54e5abebf33cd1f3194f4a38f12dfb593169c80eff7cc7e20714dfe01c37
com.apple.xsr.ArraySelectionPanel$4	/Users/mav2287/Repositories/mav2287/RAID-Admin/xserve-raid-admin/build/secure-clean-1/RAID Admin.app/Contents/Resources/RAID_Admin.jar	20e1158ae48790cacc2b9c8b1460c951549493218770523e5bd948b4a5b81d3f
